-- phpMyAdmin SQL Dump
-- version 5.2.1
-- https://www.phpmyadmin.net/
--
-- Gép: 127.0.0.1
-- Létrehozás ideje: 2026. Ápr 17. 11:25
-- Kiszolgáló verziója: 10.4.32-MariaDB
-- PHP verzió: 8.2.12

SET SQL_MODE = "NO_AUTO_VALUE_ON_ZERO";
START TRANSACTION;
SET time_zone = "+00:00";


/*!40101 SET @OLD_CHARACTER_SET_CLIENT=@@CHARACTER_SET_CLIENT */;
/*!40101 SET @OLD_CHARACTER_SET_RESULTS=@@CHARACTER_SET_RESULTS */;
/*!40101 SET @OLD_COLLATION_CONNECTION=@@COLLATION_CONNECTION */;
/*!40101 SET NAMES utf8mb4 */;

--
-- Adatbázis: `firedepartment`
--
CREATE DATABASE IF NOT EXISTS `firedepartment` DEFAULT CHARACTER SET utf8mb4 COLLATE utf8mb4_general_ci;
USE `firedepartment`;

-- --------------------------------------------------------

--
-- Tábla szerkezet ehhez a táblához `cache`
--

CREATE TABLE `cache` (
  `key` varchar(255) NOT NULL,
  `value` mediumtext NOT NULL,
  `expiration` int(11) NOT NULL
) ENGINE=InnoDB DEFAULT CHARSET=utf8mb4 COLLATE=utf8mb4_unicode_ci;

-- --------------------------------------------------------

--
-- Tábla szerkezet ehhez a táblához `cache_locks`
--

CREATE TABLE `cache_locks` (
  `key` varchar(255) NOT NULL,
  `owner` varchar(255) NOT NULL,
  `expiration` int(11) NOT NULL
) ENGINE=InnoDB DEFAULT CHARSET=utf8mb4 COLLATE=utf8mb4_unicode_ci;

-- --------------------------------------------------------

--
-- Tábla szerkezet ehhez a táblához `cars`
--

CREATE TABLE `cars` (
  `id` bigint(20) UNSIGNED NOT NULL,
  `created_at` timestamp NULL DEFAULT NULL,
  `updated_at` timestamp NULL DEFAULT NULL,
  `name` varchar(255) NOT NULL,
  `typeId` bigint(20) UNSIGNED NOT NULL,
  `imageName` varchar(255) NOT NULL
) ENGINE=InnoDB DEFAULT CHARSET=utf8mb4 COLLATE=utf8mb4_unicode_ci;

--
-- A tábla adatainak kiíratása `cars`
--

INSERT INTO `cars` (`id`, `created_at`, `updated_at`, `name`, `typeId`, `imageName`) VALUES
(1, '2026-04-17 05:24:23', '2026-04-17 05:24:23', 'Mercedes', 1, 'Mercedes.png'),
(2, '2026-04-17 05:24:43', '2026-04-17 05:24:43', 'Renault', 2, 'Renault.png');

-- --------------------------------------------------------

--
-- Tábla szerkezet ehhez a táblához `cartypes`
--

CREATE TABLE `cartypes` (
  `id` bigint(20) UNSIGNED NOT NULL,
  `created_at` timestamp NULL DEFAULT NULL,
  `updated_at` timestamp NULL DEFAULT NULL,
  `typename` varchar(255) NOT NULL
) ENGINE=InnoDB DEFAULT CHARSET=utf8mb4 COLLATE=utf8mb4_unicode_ci;

--
-- A tábla adatainak kiíratása `cartypes`
--

INSERT INTO `cartypes` (`id`, `created_at`, `updated_at`, `typename`) VALUES
(1, '2026-04-17 07:22:56', '2026-04-17 07:22:56', 'tipus 1'),
(2, '2026-04-17 07:22:56', '2026-04-17 07:22:56', 'tipus 1');

-- --------------------------------------------------------

--
-- Tábla szerkezet ehhez a táblához `car_places`
--

CREATE TABLE `car_places` (
  `id` bigint(20) UNSIGNED NOT NULL,
  `created_at` timestamp NULL DEFAULT NULL,
  `updated_at` timestamp NULL DEFAULT NULL,
  `place` varchar(255) NOT NULL
) ENGINE=InnoDB DEFAULT CHARSET=utf8mb4 COLLATE=utf8mb4_unicode_ci;

--
-- A tábla adatainak kiíratása `car_places`
--

INSERT INTO `car_places` (`id`, `created_at`, `updated_at`, `place`) VALUES
(1, '2026-04-17 07:25:13', '2026-04-17 07:25:13', 'Jobb I.'),
(2, '2026-04-17 07:25:13', '2026-04-17 07:25:13', 'Jobb II.'),
(3, '2026-04-17 07:25:13', '2026-04-17 07:25:13', 'Jobb III.'),
(4, '2026-04-17 07:25:13', '2026-04-17 07:25:13', 'Bal I.'),
(5, '2026-04-17 07:25:13', '2026-04-17 07:25:13', 'Bal II.'),
(6, '2026-04-17 07:25:13', '2026-04-17 07:25:13', 'Bal III.'),
(7, '2026-04-17 07:25:13', '2026-04-17 07:25:13', 'Szivattyú tér.'),
(8, '2026-04-17 07:25:13', '2026-04-17 07:25:13', 'Tető.'),
(9, '2026-04-17 07:25:13', '2026-04-17 07:25:13', 'Legénységi rész.');

-- --------------------------------------------------------

--
-- Tábla szerkezet ehhez a táblához `exams`
--

CREATE TABLE `exams` (
  `id` bigint(20) UNSIGNED NOT NULL,
  `created_at` timestamp NULL DEFAULT NULL,
  `updated_at` timestamp NULL DEFAULT NULL,
  `name` varchar(255) NOT NULL,
  `examType` bigint(20) UNSIGNED NOT NULL
) ENGINE=InnoDB DEFAULT CHARSET=utf8mb4 COLLATE=utf8mb4_unicode_ci;

--
-- A tábla adatainak kiíratása `exams`
--

INSERT INTO `exams` (`id`, `created_at`, `updated_at`, `name`, `examType`) VALUES
(1, '2026-04-17 07:08:43', '2026-04-17 07:08:43', 'létramászás', 2),
(2, '2026-04-17 07:09:03', '2026-04-17 07:09:03', 'tűzoltó elmélet', 1);

-- --------------------------------------------------------

--
-- Tábla szerkezet ehhez a táblához `exam_types`
--

CREATE TABLE `exam_types` (
  `id` bigint(20) UNSIGNED NOT NULL,
  `created_at` timestamp NULL DEFAULT NULL,
  `updated_at` timestamp NULL DEFAULT NULL,
  `typeName` varchar(255) NOT NULL
) ENGINE=InnoDB DEFAULT CHARSET=utf8mb4 COLLATE=utf8mb4_unicode_ci;

--
-- A tábla adatainak kiíratása `exam_types`
--

INSERT INTO `exam_types` (`id`, `created_at`, `updated_at`, `typeName`) VALUES
(1, '2026-04-17 07:06:48', '2026-04-17 07:06:48', 'online'),
(2, '2026-04-17 07:07:01', '2026-04-17 07:07:01', 'helyszíni');

-- --------------------------------------------------------

--
-- Tábla szerkezet ehhez a táblához `exam_users`
--

CREATE TABLE `exam_users` (
  `id` bigint(20) UNSIGNED NOT NULL,
  `created_at` timestamp NULL DEFAULT NULL,
  `updated_at` timestamp NULL DEFAULT NULL,
  `examDate` date NOT NULL,
  `examId` bigint(20) UNSIGNED NOT NULL,
  `userId` bigint(20) UNSIGNED NOT NULL,
  `wasSuccesful` tinyint(1) NOT NULL
) ENGINE=InnoDB DEFAULT CHARSET=utf8mb4 COLLATE=utf8mb4_unicode_ci;

--
-- A tábla adatainak kiíratása `exam_users`
--

INSERT INTO `exam_users` (`id`, `created_at`, `updated_at`, `examDate`, `examId`, `userId`, `wasSuccesful`) VALUES
(1, '2026-04-17 07:09:52', '2026-04-17 07:09:52', '2026-04-03', 1, 2, 1),
(2, '2026-04-17 07:11:15', '2026-04-17 07:11:15', '2026-05-09', 2, 2, 1),
(3, '2026-04-17 07:11:55', '2026-04-17 07:11:55', '2026-05-09', 2, 1, 0);

-- --------------------------------------------------------

--
-- Tábla szerkezet ehhez a táblához `failed_jobs`
--

CREATE TABLE `failed_jobs` (
  `id` bigint(20) UNSIGNED NOT NULL,
  `uuid` varchar(255) NOT NULL,
  `connection` text NOT NULL,
  `queue` text NOT NULL,
  `payload` longtext NOT NULL,
  `exception` longtext NOT NULL,
  `failed_at` timestamp NOT NULL DEFAULT current_timestamp()
) ENGINE=InnoDB DEFAULT CHARSET=utf8mb4 COLLATE=utf8mb4_unicode_ci;

-- --------------------------------------------------------

--
-- Tábla szerkezet ehhez a táblához `forums`
--

CREATE TABLE `forums` (
  `id` bigint(20) UNSIGNED NOT NULL,
  `created_at` timestamp NULL DEFAULT NULL,
  `updated_at` timestamp NULL DEFAULT NULL,
  `header` varchar(255) NOT NULL,
  `date` date NOT NULL,
  `typeId` bigint(20) UNSIGNED NOT NULL,
  `place` varchar(255) NOT NULL,
  `description` text NOT NULL,
  `imageName` varchar(255) NOT NULL
) ENGINE=InnoDB DEFAULT CHARSET=utf8mb4 COLLATE=utf8mb4_unicode_ci;

--
-- A tábla adatainak kiíratása `forums`
--

INSERT INTO `forums` (`id`, `created_at`, `updated_at`, `header`, `date`, `typeId`, `place`, `description`, `imageName`) VALUES
(1, '2026-04-17 06:20:32', '2026-04-17 06:20:32', 'Kidőlt víztorony', '2026-03-26', 1, 'Lengyeltótinál', 'A viharos szél ad munkát tűzoltóinknak megye szerte. 🌬️🌪️🧑‍🚒 Péntektől mostanáig tűzoltóságunk is számos fakidőlést számolt fel. Ezek közül egy kicsit más jellegű káresetet számoltunk fel ma délelőtt Lengyeltótinál, ahol egy használaton kívüli víztorony dőlt az úttestre és ezzel teljes útzárat képezett. Delta ÖTE és a boglári egység egy traktor segítségével levontatta a víztornyot az úttestről ezzel megszűntetve az útzárat és megtisztította a törmelékektől. Személyi sérülés az eset során nem történt.', 'Viztorony.jpg'),
(2, '2026-04-17 06:21:36', '2026-04-17 06:21:36', 'Fejreállt autó Karádon', '2026-03-08', 1, 'Karád', 'Nem sokkal éjfél után Karádra vonultunk közlekedési balesethez. Egy szgk letért az útról, ami a partfalnak csapódott és onnan fejtetőn landolt a műúton. A kocsiban csak a sofőr utazott, aki a becsapódáskor kirepült a gépjárműből. Mentős bajtársak kórházba szállították. Karád ÖTE legénységével közösen számoltuk fel a kéresetet.', 'KaradBaleset.jpg'),
(3, '2026-04-17 06:22:03', '2026-04-17 06:22:03', 'Ütközés Szőlősgyörökben', '2026-03-02', 1, 'Szőlősgyörök', '12:32 perckor érkezett a riasztás, miszerint Szőlősgyörökben 2 személygépkocsi ütközött. Az eset során személyi sérülés nem történt. Tűzoltóink áramtalanítást végeztek és helyszínt biztosítottak.', 'SzolosgyorokUtkozes.jpg'),
(4, '2026-04-17 06:22:39', '2026-04-17 06:22:39', 'Köszönet a Don Benító Étterem és Pizzéria csapatának', '2026-02-16', 2, 'Jótékonyság', 'Külön köszönettel tartozunk a balatonlellei Don Benító Étterem és Pizzéria csapatának, akik a VI. jótékonysági karácsonyi felvonuláson óriás pizzákat ajánlott fel az oda látogatók számára és ennek a bevételével hozzájárulni a támogatásunkhoz. 🙏❤️ Köszönjük szépen🥰🧑‍🚒', 'JotekonysagPizzeria.jpg');

-- --------------------------------------------------------

--
-- Tábla szerkezet ehhez a táblához `forum_types`
--

CREATE TABLE `forum_types` (
  `id` bigint(20) UNSIGNED NOT NULL,
  `created_at` timestamp NULL DEFAULT NULL,
  `updated_at` timestamp NULL DEFAULT NULL,
  `typeName` varchar(255) NOT NULL
) ENGINE=InnoDB DEFAULT CHARSET=utf8mb4 COLLATE=utf8mb4_unicode_ci;

--
-- A tábla adatainak kiíratása `forum_types`
--

INSERT INTO `forum_types` (`id`, `created_at`, `updated_at`, `typeName`) VALUES
(1, '2026-04-17 08:17:31', '2026-04-17 08:17:31', 'Baleset'),
(2, '2026-04-17 08:17:31', '2026-04-17 08:17:31', 'Jótékonyság');

-- --------------------------------------------------------

--
-- Tábla szerkezet ehhez a táblához `jobs`
--

CREATE TABLE `jobs` (
  `id` bigint(20) UNSIGNED NOT NULL,
  `queue` varchar(255) NOT NULL,
  `payload` longtext NOT NULL,
  `attempts` tinyint(3) UNSIGNED NOT NULL,
  `reserved_at` int(10) UNSIGNED DEFAULT NULL,
  `available_at` int(10) UNSIGNED NOT NULL,
  `created_at` int(10) UNSIGNED NOT NULL
) ENGINE=InnoDB DEFAULT CHARSET=utf8mb4 COLLATE=utf8mb4_unicode_ci;

-- --------------------------------------------------------

--
-- Tábla szerkezet ehhez a táblához `job_batches`
--

CREATE TABLE `job_batches` (
  `id` varchar(255) NOT NULL,
  `name` varchar(255) NOT NULL,
  `total_jobs` int(11) NOT NULL,
  `pending_jobs` int(11) NOT NULL,
  `failed_jobs` int(11) NOT NULL,
  `failed_job_ids` longtext NOT NULL,
  `options` mediumtext DEFAULT NULL,
  `cancelled_at` int(11) DEFAULT NULL,
  `created_at` int(11) NOT NULL,
  `finished_at` int(11) DEFAULT NULL
) ENGINE=InnoDB DEFAULT CHARSET=utf8mb4 COLLATE=utf8mb4_unicode_ci;

-- --------------------------------------------------------

--
-- Tábla szerkezet ehhez a táblához `migrations`
--

CREATE TABLE `migrations` (
  `id` int(10) UNSIGNED NOT NULL,
  `migration` varchar(255) NOT NULL,
  `batch` int(11) NOT NULL
) ENGINE=InnoDB DEFAULT CHARSET=utf8mb4 COLLATE=utf8mb4_unicode_ci;

--
-- A tábla adatainak kiíratása `migrations`
--

INSERT INTO `migrations` (`id`, `migration`, `batch`) VALUES
(1, '0000_00_00_000001_create_exam_types_table', 1),
(2, '0000_00_00_000003_create_exams_table', 1),
(3, '0001_01_01_0000010_create_jobs_table', 1),
(4, '0001_01_01_000008_create_users_table', 1),
(5, '0001_01_01_000009_create_cache_table', 1),
(6, '0001_01_01_000011_create_exam_users_table', 1),
(7, '0002_00_00_091650_create_car_places_table', 1),
(8, '0002_00_01_091814_create_cartypes_table', 1),
(9, '0002_00_02_091546_create_cars_table', 1),
(10, '0002_00_04_091642_create_tools_table', 1),
(11, '0003_00_00_091933_create_forum_types_table', 1),
(12, '0003_00_01_091913_create_forums_table', 1),
(13, '0004_00_01_091848_create_reviews_table', 1),
(14, '0005_00_00_000000_create_schedule_types_table', 1),
(15, '0005_00_01_000000_create_schedules_table', 1),
(16, '2026_01_01_150852_create_personal_access_tokens_table', 1);

-- --------------------------------------------------------

--
-- Tábla szerkezet ehhez a táblához `password_reset_tokens`
--

CREATE TABLE `password_reset_tokens` (
  `email` varchar(255) NOT NULL,
  `token` varchar(255) NOT NULL,
  `created_at` timestamp NULL DEFAULT NULL
) ENGINE=InnoDB DEFAULT CHARSET=utf8mb4 COLLATE=utf8mb4_unicode_ci;

-- --------------------------------------------------------

--
-- Tábla szerkezet ehhez a táblához `personal_access_tokens`
--

CREATE TABLE `personal_access_tokens` (
  `id` bigint(20) UNSIGNED NOT NULL,
  `tokenable_type` varchar(255) NOT NULL,
  `tokenable_id` bigint(20) UNSIGNED NOT NULL,
  `name` text NOT NULL,
  `token` varchar(64) NOT NULL,
  `abilities` text DEFAULT NULL,
  `last_used_at` timestamp NULL DEFAULT NULL,
  `expires_at` timestamp NULL DEFAULT NULL,
  `created_at` timestamp NULL DEFAULT NULL,
  `updated_at` timestamp NULL DEFAULT NULL
) ENGINE=InnoDB DEFAULT CHARSET=utf8mb4 COLLATE=utf8mb4_unicode_ci;

--
-- A tábla adatainak kiíratása `personal_access_tokens`
--

INSERT INTO `personal_access_tokens` (`id`, `tokenable_type`, `tokenable_id`, `name`, `token`, `abilities`, `last_used_at`, `expires_at`, `created_at`, `updated_at`) VALUES
(1, 'App\\Models\\User', 1, 'api-token', '43aa07efee03332dd693192876362055459c5b56cca1a6a3b64e8db2eb533e88', '[\"*\"]', NULL, NULL, '2026-04-17 05:19:10', '2026-04-17 05:19:10'),
(2, 'App\\Models\\User', 1, 'api-token', '7e15cae0adc85db89e03f858583a11135d8477b149afe1e4bb353eaedfa86cb2', '[\"*\"]', '2026-04-17 06:06:56', NULL, '2026-04-17 05:20:32', '2026-04-17 06:06:56'),
(4, 'App\\Models\\User', 1, 'api-token', '77cea68f10354cf5659bb63df9a5d64600a94f659b192d7c6684c8bd13edecf8', '[\"*\"]', '2026-04-17 07:21:44', NULL, '2026-04-17 06:35:15', '2026-04-17 07:21:44'),
(5, 'App\\Models\\User', 2, 'api-token', '13e5880c38d6dbd3bd6a70611c17829eddec4b6e71eba7e921dbf10c9d08ae16', '[\"*\"]', NULL, NULL, '2026-04-17 06:52:17', '2026-04-17 06:52:17'),
(6, 'App\\Models\\User', 3, 'api-token', '278937a7c11da6a7178c013dc0ccb3c8dc6a13200f354f11320c1772ab9b4a05', '[\"*\"]', NULL, NULL, '2026-04-17 06:52:44', '2026-04-17 06:52:44'),
(7, 'App\\Models\\User', 4, 'api-token', '0d6b51b41ddda9910b83648603ea778f008d67b3158c5c86a7136c7cd01b5313', '[\"*\"]', NULL, NULL, '2026-04-17 06:53:16', '2026-04-17 06:53:16');

-- --------------------------------------------------------

--
-- Tábla szerkezet ehhez a táblához `reviews`
--

CREATE TABLE `reviews` (
  `id` bigint(20) UNSIGNED NOT NULL,
  `created_at` timestamp NULL DEFAULT NULL,
  `updated_at` timestamp NULL DEFAULT NULL,
  `reviewDate` date NOT NULL,
  `isHappend` tinyint(1) NOT NULL,
  `isSuccesfull` tinyint(1) NOT NULL,
  `toolId` bigint(20) UNSIGNED DEFAULT NULL
) ENGINE=InnoDB DEFAULT CHARSET=utf8mb4 COLLATE=utf8mb4_unicode_ci;

-- --------------------------------------------------------

--
-- Tábla szerkezet ehhez a táblához `schedules`
--

CREATE TABLE `schedules` (
  `id` bigint(20) UNSIGNED NOT NULL,
  `created_at` timestamp NULL DEFAULT NULL,
  `updated_at` timestamp NULL DEFAULT NULL,
  `scheduleTypeid` bigint(20) UNSIGNED NOT NULL,
  `userId` bigint(20) UNSIGNED NOT NULL,
  `date` date NOT NULL
) ENGINE=InnoDB DEFAULT CHARSET=utf8mb4 COLLATE=utf8mb4_unicode_ci;

--
-- A tábla adatainak kiíratása `schedules`
--

INSERT INTO `schedules` (`id`, `created_at`, `updated_at`, `scheduleTypeid`, `userId`, `date`) VALUES
(1, '2026-04-17 08:11:00', '2026-04-17 08:11:00', 1, 1, '2026-04-01'),
(2, '2026-04-17 08:11:01', '2026-04-17 08:11:01', 2, 1, '2026-04-02'),
(3, '2026-04-17 08:11:02', '2026-04-17 08:11:02', 3, 1, '2026-04-03'),
(4, '2026-04-17 08:11:03', '2026-04-17 08:11:03', 1, 1, '2026-04-04'),
(5, '2026-04-17 08:11:04', '2026-04-17 08:11:04', 2, 1, '2026-04-05'),
(6, '2026-04-17 08:11:05', '2026-04-17 08:11:05', 3, 1, '2026-04-06'),
(7, '2026-04-17 08:11:06', '2026-04-17 08:11:06', 1, 1, '2026-04-07'),
(8, '2026-04-17 08:11:07', '2026-04-17 08:11:07', 2, 1, '2026-04-08'),
(9, '2026-04-17 08:11:08', '2026-04-17 08:11:08', 3, 1, '2026-04-09'),
(10, '2026-04-17 08:11:09', '2026-04-17 08:11:09', 1, 1, '2026-04-10'),
(11, '2026-04-17 08:11:10', '2026-04-17 08:11:10', 2, 1, '2026-04-11'),
(12, '2026-04-17 08:11:11', '2026-04-17 08:11:11', 3, 1, '2026-04-12'),
(13, '2026-04-17 08:11:12', '2026-04-17 08:11:12', 1, 1, '2026-04-13'),
(14, '2026-04-17 08:11:13', '2026-04-17 08:11:13', 2, 1, '2026-04-14'),
(15, '2026-04-17 08:11:14', '2026-04-17 08:11:14', 3, 1, '2026-04-15'),
(16, '2026-04-17 08:11:15', '2026-04-17 08:11:15', 1, 1, '2026-04-16'),
(17, '2026-04-17 08:11:16', '2026-04-17 08:11:16', 2, 1, '2026-04-17'),
(18, '2026-04-17 08:11:17', '2026-04-17 08:11:17', 3, 1, '2026-04-18'),
(19, '2026-04-17 08:11:18', '2026-04-17 08:11:18', 1, 1, '2026-04-19'),
(20, '2026-04-17 08:11:19', '2026-04-17 08:11:19', 2, 1, '2026-04-20'),
(21, '2026-04-17 08:11:20', '2026-04-17 08:11:20', 3, 1, '2026-04-21'),
(22, '2026-04-17 08:11:21', '2026-04-17 08:11:21', 1, 1, '2026-04-22'),
(23, '2026-04-17 08:11:22', '2026-04-17 08:11:22', 2, 1, '2026-04-23'),
(24, '2026-04-17 08:11:23', '2026-04-17 08:11:23', 3, 1, '2026-04-24'),
(25, '2026-04-17 08:11:24', '2026-04-17 08:11:24', 1, 1, '2026-04-25'),
(26, '2026-04-17 08:11:25', '2026-04-17 08:11:25', 2, 1, '2026-04-26'),
(27, '2026-04-17 08:11:26', '2026-04-17 08:11:26', 3, 1, '2026-04-27'),
(28, '2026-04-17 08:11:27', '2026-04-17 08:11:27', 1, 1, '2026-04-28'),
(29, '2026-04-17 08:11:28', '2026-04-17 08:11:28', 2, 1, '2026-04-29'),
(30, '2026-04-17 08:11:29', '2026-04-17 08:11:29', 3, 1, '2026-04-30'),
(31, '2026-04-17 08:11:30', '2026-04-17 08:11:30', 1, 1, '2026-05-01'),
(32, '2026-04-17 08:11:31', '2026-04-17 08:11:31', 2, 1, '2026-05-02'),
(33, '2026-04-17 08:11:32', '2026-04-17 08:11:32', 3, 1, '2026-05-03'),
(34, '2026-04-17 08:11:33', '2026-04-17 08:11:33', 1, 1, '2026-05-04'),
(35, '2026-04-17 08:11:34', '2026-04-17 08:11:34', 2, 1, '2026-05-05'),
(36, '2026-04-17 08:11:35', '2026-04-17 08:11:35', 3, 1, '2026-05-06'),
(37, '2026-04-17 08:11:36', '2026-04-17 08:11:36', 1, 1, '2026-05-07'),
(38, '2026-04-17 08:11:37', '2026-04-17 08:11:37', 2, 1, '2026-05-08'),
(39, '2026-04-17 08:11:38', '2026-04-17 08:11:38', 3, 1, '2026-05-09'),
(40, '2026-04-17 08:11:39', '2026-04-17 08:11:39', 1, 1, '2026-05-10'),
(41, '2026-04-17 08:11:40', '2026-04-17 08:11:40', 2, 1, '2026-05-11'),
(42, '2026-04-17 08:11:41', '2026-04-17 08:11:41', 3, 1, '2026-05-12'),
(43, '2026-04-17 08:11:42', '2026-04-17 08:11:42', 1, 1, '2026-05-13'),
(44, '2026-04-17 08:11:43', '2026-04-17 08:11:43', 2, 1, '2026-05-14'),
(45, '2026-04-17 08:11:44', '2026-04-17 08:11:44', 3, 1, '2026-05-15'),
(46, '2026-04-17 08:11:45', '2026-04-17 08:11:45', 1, 1, '2026-05-16'),
(47, '2026-04-17 08:11:46', '2026-04-17 08:11:46', 2, 1, '2026-05-17'),
(48, '2026-04-17 08:11:47', '2026-04-17 08:11:47', 3, 1, '2026-05-18'),
(49, '2026-04-17 08:11:48', '2026-04-17 08:11:48', 1, 1, '2026-05-19'),
(50, '2026-04-17 08:11:49', '2026-04-17 08:11:49', 2, 1, '2026-05-20'),
(51, '2026-04-17 08:11:50', '2026-04-17 08:11:50', 3, 1, '2026-05-21'),
(52, '2026-04-17 08:11:51', '2026-04-17 08:11:51', 1, 1, '2026-05-22'),
(53, '2026-04-17 08:11:52', '2026-04-17 08:11:52', 2, 1, '2026-05-23'),
(54, '2026-04-17 08:11:53', '2026-04-17 08:11:53', 3, 1, '2026-05-24'),
(55, '2026-04-17 08:11:54', '2026-04-17 08:11:54', 1, 1, '2026-05-25'),
(56, '2026-04-17 08:11:55', '2026-04-17 08:11:55', 2, 1, '2026-05-26'),
(57, '2026-04-17 08:11:56', '2026-04-17 08:11:56', 3, 1, '2026-05-27'),
(58, '2026-04-17 08:11:57', '2026-04-17 08:11:57', 1, 1, '2026-05-28'),
(59, '2026-04-17 08:11:58', '2026-04-17 08:11:58', 2, 1, '2026-05-29'),
(60, '2026-04-17 08:11:59', '2026-04-17 08:11:59', 3, 1, '2026-05-30'),
(61, '2026-04-17 08:12:00', '2026-04-17 08:12:00', 1, 1, '2026-05-31'),
(62, '2026-04-17 08:12:01', '2026-04-17 08:12:01', 1, 2, '2026-04-01'),
(63, '2026-04-17 08:12:01', '2026-04-17 08:12:01', 2, 2, '2026-04-02'),
(64, '2026-04-17 08:12:01', '2026-04-17 08:12:01', 3, 2, '2026-04-03'),
(65, '2026-04-17 08:12:01', '2026-04-17 08:12:01', 1, 2, '2026-04-04'),
(66, '2026-04-17 08:12:01', '2026-04-17 08:12:01', 2, 2, '2026-04-05'),
(67, '2026-04-17 08:12:01', '2026-04-17 08:12:01', 3, 2, '2026-04-06'),
(68, '2026-04-17 08:12:01', '2026-04-17 08:12:01', 1, 2, '2026-04-07'),
(69, '2026-04-17 08:12:01', '2026-04-17 08:12:01', 2, 2, '2026-04-08'),
(70, '2026-04-17 08:12:01', '2026-04-17 08:12:01', 3, 2, '2026-04-09'),
(71, '2026-04-17 08:12:01', '2026-04-17 08:12:01', 1, 2, '2026-04-10'),
(72, '2026-04-17 08:12:01', '2026-04-17 08:12:01', 2, 2, '2026-04-11'),
(73, '2026-04-17 08:12:01', '2026-04-17 08:12:01', 3, 2, '2026-04-12'),
(74, '2026-04-17 08:12:01', '2026-04-17 08:12:01', 1, 2, '2026-04-13'),
(75, '2026-04-17 08:12:01', '2026-04-17 08:12:01', 2, 2, '2026-04-14'),
(76, '2026-04-17 08:12:01', '2026-04-17 08:12:01', 3, 2, '2026-04-15'),
(77, '2026-04-17 08:12:01', '2026-04-17 08:12:01', 1, 2, '2026-04-16'),
(78, '2026-04-17 08:12:01', '2026-04-17 08:12:01', 2, 2, '2026-04-17'),
(79, '2026-04-17 08:12:01', '2026-04-17 08:12:01', 3, 2, '2026-04-18'),
(80, '2026-04-17 08:12:01', '2026-04-17 08:12:01', 1, 2, '2026-04-19'),
(81, '2026-04-17 08:12:01', '2026-04-17 08:12:01', 2, 2, '2026-04-20'),
(82, '2026-04-17 08:12:01', '2026-04-17 08:12:01', 3, 2, '2026-04-21'),
(83, '2026-04-17 08:12:01', '2026-04-17 07:02:38', 6, 2, '2026-04-22'),
(84, '2026-04-17 08:12:01', '2026-04-17 08:12:01', 2, 2, '2026-04-23'),
(85, '2026-04-17 08:12:01', '2026-04-17 08:12:01', 3, 2, '2026-04-24'),
(86, '2026-04-17 08:12:01', '2026-04-17 08:12:01', 1, 2, '2026-04-25'),
(87, '2026-04-17 08:12:01', '2026-04-17 08:12:01', 2, 2, '2026-04-26'),
(88, '2026-04-17 08:12:01', '2026-04-17 08:12:01', 3, 2, '2026-04-27'),
(89, '2026-04-17 08:12:01', '2026-04-17 08:12:01', 1, 2, '2026-04-28'),
(90, '2026-04-17 08:12:01', '2026-04-17 08:12:01', 2, 2, '2026-04-29'),
(91, '2026-04-17 08:12:01', '2026-04-17 08:12:01', 3, 2, '2026-04-30'),
(92, '2026-04-17 08:12:01', '2026-04-17 08:12:01', 1, 2, '2026-05-01'),
(93, '2026-04-17 08:12:01', '2026-04-17 08:12:01', 2, 2, '2026-05-02'),
(94, '2026-04-17 08:12:01', '2026-04-17 08:12:01', 3, 2, '2026-05-03'),
(95, '2026-04-17 08:12:01', '2026-04-17 08:12:01', 1, 2, '2026-05-04'),
(96, '2026-04-17 08:12:01', '2026-04-17 08:12:01', 2, 2, '2026-05-05'),
(97, '2026-04-17 08:12:01', '2026-04-17 08:12:01', 3, 2, '2026-05-06'),
(98, '2026-04-17 08:12:01', '2026-04-17 08:12:01', 1, 2, '2026-05-07'),
(99, '2026-04-17 08:12:01', '2026-04-17 08:12:01', 2, 2, '2026-05-08'),
(100, '2026-04-17 08:12:01', '2026-04-17 08:12:01', 3, 2, '2026-05-09'),
(101, '2026-04-17 08:12:01', '2026-04-17 08:12:01', 1, 2, '2026-05-10'),
(102, '2026-04-17 08:12:01', '2026-04-17 08:12:01', 2, 2, '2026-05-11'),
(103, '2026-04-17 08:12:01', '2026-04-17 08:12:01', 3, 2, '2026-05-12'),
(104, '2026-04-17 08:12:01', '2026-04-17 08:12:01', 1, 2, '2026-05-13'),
(105, '2026-04-17 08:12:01', '2026-04-17 08:12:01', 2, 2, '2026-05-14'),
(106, '2026-04-17 08:12:01', '2026-04-17 08:12:01', 3, 2, '2026-05-15'),
(107, '2026-04-17 08:12:01', '2026-04-17 08:12:01', 1, 2, '2026-05-16'),
(108, '2026-04-17 08:12:01', '2026-04-17 08:12:01', 2, 2, '2026-05-17'),
(109, '2026-04-17 08:12:01', '2026-04-17 08:12:01', 3, 2, '2026-05-18'),
(110, '2026-04-17 08:12:01', '2026-04-17 08:12:01', 1, 2, '2026-05-19'),
(111, '2026-04-17 08:12:01', '2026-04-17 08:12:01', 2, 2, '2026-05-20'),
(112, '2026-04-17 08:12:01', '2026-04-17 08:12:01', 3, 2, '2026-05-21'),
(113, '2026-04-17 08:12:01', '2026-04-17 08:12:01', 1, 2, '2026-05-22'),
(114, '2026-04-17 08:12:01', '2026-04-17 08:12:01', 2, 2, '2026-05-23'),
(115, '2026-04-17 08:12:01', '2026-04-17 08:12:01', 3, 2, '2026-05-24'),
(116, '2026-04-17 08:12:01', '2026-04-17 08:12:01', 1, 2, '2026-05-25'),
(117, '2026-04-17 08:12:01', '2026-04-17 08:12:01', 2, 2, '2026-05-26'),
(118, '2026-04-17 08:12:01', '2026-04-17 08:12:01', 3, 2, '2026-05-27'),
(119, '2026-04-17 08:12:01', '2026-04-17 08:12:01', 1, 2, '2026-05-28'),
(120, '2026-04-17 08:12:01', '2026-04-17 08:12:01', 2, 2, '2026-05-29'),
(121, '2026-04-17 08:12:01', '2026-04-17 08:12:01', 3, 2, '2026-05-30'),
(122, '2026-04-17 08:12:01', '2026-04-17 08:12:01', 1, 2, '2026-05-31'),
(123, '2026-04-17 08:12:02', '2026-04-17 08:12:02', 2, 3, '2026-04-01'),
(124, '2026-04-17 08:12:02', '2026-04-17 08:12:02', 3, 3, '2026-04-02'),
(125, '2026-04-17 08:12:02', '2026-04-17 08:12:02', 1, 3, '2026-04-03'),
(126, '2026-04-17 08:12:02', '2026-04-17 08:12:02', 2, 3, '2026-04-04'),
(127, '2026-04-17 08:12:02', '2026-04-17 08:12:02', 3, 3, '2026-04-05'),
(128, '2026-04-17 08:12:02', '2026-04-17 08:12:02', 1, 3, '2026-04-06'),
(129, '2026-04-17 08:12:02', '2026-04-17 08:12:02', 2, 3, '2026-04-07'),
(130, '2026-04-17 08:12:02', '2026-04-17 08:12:02', 3, 3, '2026-04-08'),
(131, '2026-04-17 08:12:02', '2026-04-17 08:12:02', 1, 3, '2026-04-09'),
(132, '2026-04-17 08:12:02', '2026-04-17 08:12:02', 2, 3, '2026-04-10'),
(133, '2026-04-17 08:12:02', '2026-04-17 08:12:02', 3, 3, '2026-04-11'),
(134, '2026-04-17 08:12:02', '2026-04-17 08:12:02', 1, 3, '2026-04-12'),
(135, '2026-04-17 08:12:02', '2026-04-17 08:12:02', 2, 3, '2026-04-13'),
(136, '2026-04-17 08:12:02', '2026-04-17 08:12:02', 3, 3, '2026-04-14'),
(137, '2026-04-17 08:12:02', '2026-04-17 08:12:02', 1, 3, '2026-04-15'),
(138, '2026-04-17 08:12:02', '2026-04-17 08:12:02', 2, 3, '2026-04-16'),
(139, '2026-04-17 08:12:02', '2026-04-17 08:12:02', 3, 3, '2026-04-17'),
(140, '2026-04-17 08:12:02', '2026-04-17 08:12:02', 1, 3, '2026-04-18'),
(141, '2026-04-17 08:12:02', '2026-04-17 08:12:02', 2, 3, '2026-04-19'),
(142, '2026-04-17 08:12:02', '2026-04-17 08:12:02', 3, 3, '2026-04-20'),
(143, '2026-04-17 08:12:02', '2026-04-17 08:12:02', 1, 3, '2026-04-21'),
(144, '2026-04-17 08:12:02', '2026-04-17 08:12:02', 2, 3, '2026-04-22'),
(145, '2026-04-17 08:12:02', '2026-04-17 08:12:02', 3, 3, '2026-04-23'),
(146, '2026-04-17 08:12:02', '2026-04-17 08:12:02', 1, 3, '2026-04-24'),
(147, '2026-04-17 08:12:02', '2026-04-17 08:12:02', 2, 3, '2026-04-25'),
(148, '2026-04-17 08:12:02', '2026-04-17 08:12:02', 3, 3, '2026-04-26'),
(149, '2026-04-17 08:12:02', '2026-04-17 08:12:02', 1, 3, '2026-04-27'),
(150, '2026-04-17 08:12:02', '2026-04-17 08:12:02', 2, 3, '2026-04-28'),
(151, '2026-04-17 08:12:02', '2026-04-17 08:12:02', 3, 3, '2026-04-29'),
(152, '2026-04-17 08:12:02', '2026-04-17 08:12:02', 1, 3, '2026-04-30'),
(153, '2026-04-17 08:12:02', '2026-04-17 08:12:02', 2, 3, '2026-05-01'),
(154, '2026-04-17 08:12:02', '2026-04-17 08:12:02', 3, 3, '2026-05-02'),
(155, '2026-04-17 08:12:02', '2026-04-17 08:12:02', 1, 3, '2026-05-03'),
(156, '2026-04-17 08:12:02', '2026-04-17 08:12:02', 2, 3, '2026-05-04'),
(157, '2026-04-17 08:12:02', '2026-04-17 08:12:02', 3, 3, '2026-05-05'),
(158, '2026-04-17 08:12:02', '2026-04-17 08:12:02', 1, 3, '2026-05-06'),
(159, '2026-04-17 08:12:02', '2026-04-17 08:12:02', 2, 3, '2026-05-07'),
(160, '2026-04-17 08:12:02', '2026-04-17 08:12:02', 3, 3, '2026-05-08'),
(161, '2026-04-17 08:12:02', '2026-04-17 08:12:02', 1, 3, '2026-05-09'),
(162, '2026-04-17 08:12:02', '2026-04-17 08:12:02', 2, 3, '2026-05-10'),
(163, '2026-04-17 08:12:02', '2026-04-17 08:12:02', 3, 3, '2026-05-11'),
(164, '2026-04-17 08:12:02', '2026-04-17 08:12:02', 1, 3, '2026-05-12'),
(165, '2026-04-17 08:12:02', '2026-04-17 08:12:02', 2, 3, '2026-05-13'),
(166, '2026-04-17 08:12:02', '2026-04-17 08:12:02', 3, 3, '2026-05-14'),
(167, '2026-04-17 08:12:02', '2026-04-17 08:12:02', 1, 3, '2026-05-15'),
(168, '2026-04-17 08:12:02', '2026-04-17 08:12:02', 2, 3, '2026-05-16'),
(169, '2026-04-17 08:12:02', '2026-04-17 08:12:02', 3, 3, '2026-05-17'),
(170, '2026-04-17 08:12:02', '2026-04-17 08:12:02', 1, 3, '2026-05-18'),
(171, '2026-04-17 08:12:02', '2026-04-17 08:12:02', 2, 3, '2026-05-19'),
(172, '2026-04-17 08:12:02', '2026-04-17 08:12:02', 3, 3, '2026-05-20'),
(173, '2026-04-17 08:12:02', '2026-04-17 08:12:02', 1, 3, '2026-05-21'),
(174, '2026-04-17 08:12:02', '2026-04-17 08:12:02', 2, 3, '2026-05-22'),
(175, '2026-04-17 08:12:02', '2026-04-17 08:12:02', 3, 3, '2026-05-23'),
(176, '2026-04-17 08:12:02', '2026-04-17 08:12:02', 1, 3, '2026-05-24'),
(177, '2026-04-17 08:12:02', '2026-04-17 08:12:02', 2, 3, '2026-05-25'),
(178, '2026-04-17 08:12:02', '2026-04-17 08:12:02', 3, 3, '2026-05-26'),
(179, '2026-04-17 08:12:02', '2026-04-17 08:12:02', 1, 3, '2026-05-27'),
(180, '2026-04-17 08:12:02', '2026-04-17 08:12:02', 2, 3, '2026-05-28'),
(181, '2026-04-17 08:12:02', '2026-04-17 08:12:02', 3, 3, '2026-05-29'),
(182, '2026-04-17 08:12:02', '2026-04-17 08:12:02', 1, 3, '2026-05-30'),
(183, '2026-04-17 08:12:02', '2026-04-17 08:12:02', 2, 3, '2026-05-31'),
(184, '2026-04-17 08:12:03', '2026-04-17 08:12:03', 3, 4, '2026-04-01'),
(185, '2026-04-17 08:12:03', '2026-04-17 08:12:03', 1, 4, '2026-04-02'),
(186, '2026-04-17 08:12:03', '2026-04-17 08:12:03', 2, 4, '2026-04-03'),
(187, '2026-04-17 08:12:03', '2026-04-17 08:12:03', 3, 4, '2026-04-04'),
(188, '2026-04-17 08:12:03', '2026-04-17 08:12:03', 1, 4, '2026-04-05'),
(189, '2026-04-17 08:12:03', '2026-04-17 08:12:03', 2, 4, '2026-04-06'),
(190, '2026-04-17 08:12:03', '2026-04-17 08:12:03', 3, 4, '2026-04-07'),
(191, '2026-04-17 08:12:03', '2026-04-17 08:12:03', 1, 4, '2026-04-08'),
(192, '2026-04-17 08:12:03', '2026-04-17 08:12:03', 2, 4, '2026-04-09'),
(193, '2026-04-17 08:12:03', '2026-04-17 08:12:03', 3, 4, '2026-04-10'),
(194, '2026-04-17 08:12:03', '2026-04-17 08:12:03', 1, 4, '2026-04-11'),
(195, '2026-04-17 08:12:03', '2026-04-17 08:12:03', 2, 4, '2026-04-12'),
(196, '2026-04-17 08:12:03', '2026-04-17 08:12:03', 3, 4, '2026-04-13'),
(197, '2026-04-17 08:12:03', '2026-04-17 08:12:03', 1, 4, '2026-04-14'),
(198, '2026-04-17 08:12:03', '2026-04-17 08:12:03', 2, 4, '2026-04-15'),
(199, '2026-04-17 08:12:03', '2026-04-17 08:12:03', 3, 4, '2026-04-16'),
(200, '2026-04-17 08:12:03', '2026-04-17 08:12:03', 1, 4, '2026-04-17'),
(201, '2026-04-17 08:12:03', '2026-04-17 08:12:03', 2, 4, '2026-04-18'),
(202, '2026-04-17 08:12:03', '2026-04-17 08:12:03', 3, 4, '2026-04-19'),
(203, '2026-04-17 08:12:03', '2026-04-17 08:12:03', 1, 4, '2026-04-20'),
(204, '2026-04-17 08:12:03', '2026-04-17 08:12:03', 2, 4, '2026-04-21'),
(205, '2026-04-17 08:12:03', '2026-04-17 08:12:03', 3, 4, '2026-04-22'),
(206, '2026-04-17 08:12:03', '2026-04-17 08:12:03', 1, 4, '2026-04-23'),
(207, '2026-04-17 08:12:03', '2026-04-17 08:12:03', 2, 4, '2026-04-24'),
(208, '2026-04-17 08:12:03', '2026-04-17 08:12:03', 3, 4, '2026-04-25'),
(209, '2026-04-17 08:12:03', '2026-04-17 08:12:03', 1, 4, '2026-04-26'),
(210, '2026-04-17 08:12:03', '2026-04-17 08:12:03', 2, 4, '2026-04-27'),
(211, '2026-04-17 08:12:03', '2026-04-17 08:12:03', 3, 4, '2026-04-28'),
(212, '2026-04-17 08:12:03', '2026-04-17 08:12:03', 1, 4, '2026-04-29'),
(213, '2026-04-17 08:12:03', '2026-04-17 08:12:03', 2, 4, '2026-04-30'),
(214, '2026-04-17 08:12:03', '2026-04-17 08:12:03', 3, 4, '2026-05-01'),
(215, '2026-04-17 08:12:03', '2026-04-17 08:12:03', 1, 4, '2026-05-02'),
(216, '2026-04-17 08:12:03', '2026-04-17 08:12:03', 2, 4, '2026-05-03'),
(217, '2026-04-17 08:12:03', '2026-04-17 08:12:03', 3, 4, '2026-05-04'),
(218, '2026-04-17 08:12:03', '2026-04-17 08:12:03', 1, 4, '2026-05-05'),
(219, '2026-04-17 08:12:03', '2026-04-17 08:12:03', 2, 4, '2026-05-06'),
(220, '2026-04-17 08:12:03', '2026-04-17 08:12:03', 3, 4, '2026-05-07'),
(221, '2026-04-17 08:12:03', '2026-04-17 08:12:03', 1, 4, '2026-05-08'),
(222, '2026-04-17 08:12:03', '2026-04-17 08:12:03', 2, 4, '2026-05-09'),
(223, '2026-04-17 08:12:03', '2026-04-17 08:12:03', 3, 4, '2026-05-10'),
(224, '2026-04-17 08:12:03', '2026-04-17 08:12:03', 1, 4, '2026-05-11'),
(225, '2026-04-17 08:12:03', '2026-04-17 08:12:03', 2, 4, '2026-05-12'),
(226, '2026-04-17 08:12:03', '2026-04-17 08:12:03', 3, 4, '2026-05-13'),
(227, '2026-04-17 08:12:03', '2026-04-17 08:12:03', 1, 4, '2026-05-14'),
(228, '2026-04-17 08:12:03', '2026-04-17 08:12:03', 2, 4, '2026-05-15'),
(229, '2026-04-17 08:12:03', '2026-04-17 08:12:03', 3, 4, '2026-05-16'),
(230, '2026-04-17 08:12:03', '2026-04-17 08:12:03', 1, 4, '2026-05-17'),
(231, '2026-04-17 08:12:03', '2026-04-17 08:12:03', 2, 4, '2026-05-18'),
(232, '2026-04-17 08:12:03', '2026-04-17 08:12:03', 3, 4, '2026-05-19'),
(233, '2026-04-17 08:12:03', '2026-04-17 08:12:03', 1, 4, '2026-05-20'),
(234, '2026-04-17 08:12:03', '2026-04-17 08:12:03', 2, 4, '2026-05-21'),
(235, '2026-04-17 08:12:03', '2026-04-17 08:12:03', 3, 4, '2026-05-22'),
(236, '2026-04-17 08:12:03', '2026-04-17 08:12:03', 1, 4, '2026-05-23'),
(237, '2026-04-17 08:12:03', '2026-04-17 08:12:03', 2, 4, '2026-05-24'),
(238, '2026-04-17 08:12:03', '2026-04-17 08:12:03', 3, 4, '2026-05-25'),
(239, '2026-04-17 08:12:03', '2026-04-17 08:12:03', 1, 4, '2026-05-26'),
(240, '2026-04-17 08:12:03', '2026-04-17 08:12:03', 2, 4, '2026-05-27'),
(241, '2026-04-17 08:12:03', '2026-04-17 08:12:03', 3, 4, '2026-05-28'),
(242, '2026-04-17 08:12:03', '2026-04-17 08:12:03', 1, 4, '2026-05-29'),
(243, '2026-04-17 08:12:03', '2026-04-17 08:12:03', 2, 4, '2026-05-30'),
(244, '2026-04-17 08:12:03', '2026-04-17 08:12:03', 3, 4, '2026-05-31');

-- --------------------------------------------------------

--
-- Tábla szerkezet ehhez a táblához `schedule_types`
--

CREATE TABLE `schedule_types` (
  `id` bigint(20) UNSIGNED NOT NULL,
  `created_at` timestamp NULL DEFAULT NULL,
  `updated_at` timestamp NULL DEFAULT NULL,
  `name` varchar(255) NOT NULL,
  `color` varchar(255) NOT NULL
) ENGINE=InnoDB DEFAULT CHARSET=utf8mb4 COLLATE=utf8mb4_unicode_ci;

--
-- A tábla adatainak kiíratása `schedule_types`
--

INSERT INTO `schedule_types` (`id`, `created_at`, `updated_at`, `name`, `color`) VALUES
(1, '2026-04-17 08:00:16', '2026-04-17 08:00:16', '1/5', 'blue'),
(2, '2026-04-17 08:00:16', '2026-04-17 08:00:16', '2/5', 'blue'),
(3, '2026-04-17 08:00:16', '2026-04-17 08:00:16', '3/5', 'blue'),
(4, '2026-04-17 08:00:16', '2026-04-17 08:00:16', '4/5', 'blue'),
(5, '2026-04-17 08:00:16', '2026-04-17 08:00:16', '5/5', 'blue'),
(6, '2026-04-17 08:00:16', '2026-04-17 08:00:16', 'szabadság', 'green'),
(7, '2026-04-17 08:00:16', '2026-04-17 08:00:16', 'táppénz', 'red');

-- --------------------------------------------------------

--
-- Tábla szerkezet ehhez a táblához `sessions`
--

CREATE TABLE `sessions` (
  `id` varchar(255) NOT NULL,
  `user_id` bigint(20) UNSIGNED DEFAULT NULL,
  `ip_address` varchar(45) DEFAULT NULL,
  `user_agent` text DEFAULT NULL,
  `payload` longtext NOT NULL,
  `last_activity` int(11) NOT NULL
) ENGINE=InnoDB DEFAULT CHARSET=utf8mb4 COLLATE=utf8mb4_unicode_ci;

-- --------------------------------------------------------

--
-- Tábla szerkezet ehhez a táblához `tools`
--

CREATE TABLE `tools` (
  `id` bigint(20) UNSIGNED NOT NULL,
  `created_at` timestamp NULL DEFAULT NULL,
  `updated_at` timestamp NULL DEFAULT NULL,
  `name` varchar(255) NOT NULL,
  `placeId` bigint(20) UNSIGNED NOT NULL,
  `carId` bigint(20) UNSIGNED NOT NULL
) ENGINE=InnoDB DEFAULT CHARSET=utf8mb4 COLLATE=utf8mb4_unicode_ci;

--
-- A tábla adatainak kiíratása `tools`
--

INSERT INTO `tools` (`id`, `created_at`, `updated_at`, `name`, `placeId`, `carId`) VALUES
(179, '2026-04-17 05:50:00', '2026-04-17 05:50:00', 'AB áttéti', 7, 2),
(181, '2026-04-17 05:50:10', '2026-04-17 05:50:10', 'Egyetemes kapocspár kulcs', 7, 2),
(191, '2026-04-17 05:51:00', '2026-04-17 05:51:00', 'Korongos vágó berendezés', 8, 2),
(192, '2026-04-17 05:51:05', '2026-04-17 05:51:05', 'Kihúzós létra', 8, 2),
(202, '2026-04-17 05:51:55', '2026-04-17 05:51:55', 'Auer légző készülék', 9, 2),
(229, '2026-04-17 05:54:10', '2026-04-17 05:54:10', 'B tömlő', 5, 2),
(238, '2026-04-17 05:54:55', '2026-04-17 05:54:55', 'BC / CD áttéti', 5, 2),
(239, '2026-04-17 05:55:00', '2026-04-17 05:55:00', 'Gyorsbeavatkozó', 6, 2),
(246, '2026-04-17 05:55:35', '2026-04-17 05:55:35', 'Porral oltó', 6, 2),
(247, '2026-04-17 05:55:40', '2026-04-17 05:55:40', 'Holmatro feszítő-vágó berendezés', 1, 2),
(264, '2026-04-17 05:57:05', '2026-04-17 05:57:05', 'B tömlő', 2, 2),
(266, '2026-04-17 05:57:15', '2026-04-17 05:57:15', '10L benzines kanna', 2, 2),
(273, '2026-04-17 05:57:50', '2026-04-17 05:57:50', 'Gyorsbeavatkozó', 3, 2),
(274, '2026-04-17 05:57:55', '2026-04-17 05:57:55', 'Bontó balta', 3, 2),
(281, '2026-04-17 05:58:30', '2026-04-17 05:58:30', 'Aggregátor', 1, 1),
(286, '2026-04-17 05:58:55', '2026-04-17 05:58:55', 'Közép habsugár cső', 1, 1),
(297, '2026-04-17 05:59:50', '2026-04-17 05:59:50', 'Vödör', 2, 1),
(300, '2026-04-17 06:00:05', '2026-04-17 06:00:05', 'Gyorsbeavatkozó', 3, 1),
(308, '2026-04-17 06:00:45', '2026-04-17 06:00:45', 'Dugó létra szett', 8, 1),
(309, '2026-04-17 06:00:50', '2026-04-17 06:00:50', 'Kihúzós létra', 8, 1),
(336, '2026-04-17 05:50:05', '2026-04-17 05:50:05', 'Csáklya', 7, 2),
(348, '2026-04-17 05:51:05', '2026-04-17 05:51:05', 'Kihúzós létra', 8, 2),
(358, '2026-04-17 05:51:55', '2026-04-17 05:51:55', 'Auer légző készülék', 9, 2),
(367, '2026-04-17 05:52:40', '2026-04-17 05:52:40', 'Aggregátor', 4, 2),
(369, '2026-04-17 05:52:50', '2026-04-17 05:52:50', '220V-os hosszabbító', 4, 2),
(385, '2026-04-17 05:54:10', '2026-04-17 05:54:10', 'B tömlő', 5, 2),
(386, '2026-04-17 05:54:15', '2026-04-17 05:54:15', 'C tömlő', 5, 2),
(387, '2026-04-17 05:54:20', '2026-04-17 05:54:20', '10L benzines kanna', 5, 2),
(397, '2026-04-17 05:55:10', '2026-04-17 05:55:10', 'Gyűjtő', 6, 2),
(404, '2026-04-17 05:55:45', '2026-04-17 05:55:45', 'Holmatro mobil tápegység', 1, 2),
(420, '2026-04-17 05:57:05', '2026-04-17 05:57:05', 'B tömlő', 2, 2),
(421, '2026-04-17 05:57:10', '2026-04-17 05:57:10', 'C tömlő', 2, 2),
(429, '2026-04-17 05:57:50', '2026-04-17 05:57:50', 'Gyorsbeavatkozó', 3, 2),
(430, '2026-04-17 05:57:55', '2026-04-17 05:57:55', 'Bontó balta', 3, 2),
(439, '2026-04-17 05:58:40', '2026-04-17 05:58:40', '220V-os hosszabbító', 1, 1),
(440, '2026-04-17 05:58:45', '2026-04-17 05:58:45', 'Állványos lámpa', 1, 1),
(448, '2026-04-17 05:59:25', '2026-04-17 05:59:25', 'B tömlő', 2, 1),
(449, '2026-04-17 05:59:30', '2026-04-17 05:59:30', 'C tömlő', 2, 1),
(464, '2026-04-17 06:00:45', '2026-04-17 06:00:45', 'Dugó létra szett', 8, 1),
(475, '2026-04-17 06:01:40', '2026-04-17 06:01:40', 'Kis bontó balta', 8, 1),
(477, '2026-04-17 06:01:50', '2026-04-17 06:01:50', 'Tartalék palack', 9, 1);

-- --------------------------------------------------------

--
-- Tábla szerkezet ehhez a táblához `users`
--

CREATE TABLE `users` (
  `id` bigint(20) UNSIGNED NOT NULL,
  `name` varchar(255) NOT NULL,
  `email` varchar(255) NOT NULL,
  `email_verified_at` timestamp NULL DEFAULT NULL,
  `password` varchar(255) NOT NULL,
  `fortyHours` tinyint(1) NOT NULL DEFAULT 0,
  `remember_token` varchar(100) DEFAULT NULL,
  `created_at` timestamp NULL DEFAULT NULL,
  `updated_at` timestamp NULL DEFAULT NULL,
  `isAdmin` tinyint(1) NOT NULL DEFAULT 0
) ENGINE=InnoDB DEFAULT CHARSET=utf8mb4 COLLATE=utf8mb4_unicode_ci;

--
-- A tábla adatainak kiíratása `users`
--

INSERT INTO `users` (`id`, `name`, `email`, `email_verified_at`, `password`, `fortyHours`, `remember_token`, `created_at`, `updated_at`, `isAdmin`) VALUES
(1, 'admin', 'admin@gmail.com', NULL, '$2y$12$Okf73FEDztYFd.Zi3xrggeUu2MtP4E32F1vYJx9pWBWI6NCdOAeJK', 1, NULL, '2026-04-17 05:19:10', '2026-04-17 05:19:10', 1),
(2, 'Geroge Orwell', 'George@gmail.com', NULL, '$2y$12$PFI7zYCyW70uBtKSSajhvOz56LB6HpFyFEbdHQnfIFadftRJOuywy', 0, NULL, '2026-04-17 06:52:17', '2026-04-17 06:52:17', 1),
(3, 'Franz Kafka', 'Kafka@gmail.com', NULL, '$2y$12$u/dLTsClN1nCbndJy/TaxeN4bUZhCKD7jD.19/Eks4QMVqAGogbrG', 1, NULL, '2026-04-17 06:52:44', '2026-04-17 06:52:44', 0),
(4, 'Sun Tzu', 'artofWar@gmail.com', NULL, '$2y$12$8Y3sBp68tfL.NL9hW1pU2.EUhJF89dWrOCSSNPfnN0JHlDTCdSHGi', 1, NULL, '2026-04-17 06:53:16', '2026-04-17 06:53:16', 0);

--
-- Indexek a kiírt táblákhoz
--

--
-- A tábla indexei `cache`
--
ALTER TABLE `cache`
  ADD PRIMARY KEY (`key`);

--
-- A tábla indexei `cache_locks`
--
ALTER TABLE `cache_locks`
  ADD PRIMARY KEY (`key`);

--
-- A tábla indexei `cars`
--
ALTER TABLE `cars`
  ADD PRIMARY KEY (`id`),
  ADD KEY `cars_typeid_foreign` (`typeId`);

--
-- A tábla indexei `cartypes`
--
ALTER TABLE `cartypes`
  ADD PRIMARY KEY (`id`);

--
-- A tábla indexei `car_places`
--
ALTER TABLE `car_places`
  ADD PRIMARY KEY (`id`);

--
-- A tábla indexei `exams`
--
ALTER TABLE `exams`
  ADD PRIMARY KEY (`id`),
  ADD KEY `exams_examtype_foreign` (`examType`);

--
-- A tábla indexei `exam_types`
--
ALTER TABLE `exam_types`
  ADD PRIMARY KEY (`id`);

--
-- A tábla indexei `exam_users`
--
ALTER TABLE `exam_users`
  ADD PRIMARY KEY (`id`),
  ADD KEY `exam_users_examid_foreign` (`examId`),
  ADD KEY `exam_users_userid_foreign` (`userId`);

--
-- A tábla indexei `failed_jobs`
--
ALTER TABLE `failed_jobs`
  ADD PRIMARY KEY (`id`),
  ADD UNIQUE KEY `failed_jobs_uuid_unique` (`uuid`);

--
-- A tábla indexei `forums`
--
ALTER TABLE `forums`
  ADD PRIMARY KEY (`id`),
  ADD KEY `forums_typeid_foreign` (`typeId`);

--
-- A tábla indexei `forum_types`
--
ALTER TABLE `forum_types`
  ADD PRIMARY KEY (`id`);

--
-- A tábla indexei `jobs`
--
ALTER TABLE `jobs`
  ADD PRIMARY KEY (`id`),
  ADD KEY `jobs_queue_index` (`queue`);

--
-- A tábla indexei `job_batches`
--
ALTER TABLE `job_batches`
  ADD PRIMARY KEY (`id`);

--
-- A tábla indexei `migrations`
--
ALTER TABLE `migrations`
  ADD PRIMARY KEY (`id`);

--
-- A tábla indexei `password_reset_tokens`
--
ALTER TABLE `password_reset_tokens`
  ADD PRIMARY KEY (`email`);

--
-- A tábla indexei `personal_access_tokens`
--
ALTER TABLE `personal_access_tokens`
  ADD PRIMARY KEY (`id`),
  ADD UNIQUE KEY `personal_access_tokens_token_unique` (`token`),
  ADD KEY `personal_access_tokens_tokenable_type_tokenable_id_index` (`tokenable_type`,`tokenable_id`),
  ADD KEY `personal_access_tokens_expires_at_index` (`expires_at`);

--
-- A tábla indexei `reviews`
--
ALTER TABLE `reviews`
  ADD PRIMARY KEY (`id`),
  ADD KEY `reviews_toolid_foreign` (`toolId`);

--
-- A tábla indexei `schedules`
--
ALTER TABLE `schedules`
  ADD PRIMARY KEY (`id`),
  ADD KEY `schedules_scheduletypeid_foreign` (`scheduleTypeid`),
  ADD KEY `schedules_userid_foreign` (`userId`);

--
-- A tábla indexei `schedule_types`
--
ALTER TABLE `schedule_types`
  ADD PRIMARY KEY (`id`);

--
-- A tábla indexei `sessions`
--
ALTER TABLE `sessions`
  ADD PRIMARY KEY (`id`),
  ADD KEY `sessions_user_id_index` (`user_id`),
  ADD KEY `sessions_last_activity_index` (`last_activity`);

--
-- A tábla indexei `tools`
--
ALTER TABLE `tools`
  ADD PRIMARY KEY (`id`),
  ADD KEY `tools_placeid_foreign` (`placeId`),
  ADD KEY `tools_carid_foreign` (`carId`);

--
-- A tábla indexei `users`
--
ALTER TABLE `users`
  ADD PRIMARY KEY (`id`),
  ADD UNIQUE KEY `users_email_unique` (`email`);

--
-- A kiírt táblák AUTO_INCREMENT értéke
--

--
-- AUTO_INCREMENT a táblához `cars`
--
ALTER TABLE `cars`
  MODIFY `id` bigint(20) UNSIGNED NOT NULL AUTO_INCREMENT, AUTO_INCREMENT=3;

--
-- AUTO_INCREMENT a táblához `cartypes`
--
ALTER TABLE `cartypes`
  MODIFY `id` bigint(20) UNSIGNED NOT NULL AUTO_INCREMENT, AUTO_INCREMENT=3;

--
-- AUTO_INCREMENT a táblához `car_places`
--
ALTER TABLE `car_places`
  MODIFY `id` bigint(20) UNSIGNED NOT NULL AUTO_INCREMENT, AUTO_INCREMENT=10;

--
-- AUTO_INCREMENT a táblához `exams`
--
ALTER TABLE `exams`
  MODIFY `id` bigint(20) UNSIGNED NOT NULL AUTO_INCREMENT, AUTO_INCREMENT=3;

--
-- AUTO_INCREMENT a táblához `exam_types`
--
ALTER TABLE `exam_types`
  MODIFY `id` bigint(20) UNSIGNED NOT NULL AUTO_INCREMENT, AUTO_INCREMENT=3;

--
-- AUTO_INCREMENT a táblához `exam_users`
--
ALTER TABLE `exam_users`
  MODIFY `id` bigint(20) UNSIGNED NOT NULL AUTO_INCREMENT, AUTO_INCREMENT=4;

--
-- AUTO_INCREMENT a táblához `failed_jobs`
--
ALTER TABLE `failed_jobs`
  MODIFY `id` bigint(20) UNSIGNED NOT NULL AUTO_INCREMENT;

--
-- AUTO_INCREMENT a táblához `forums`
--
ALTER TABLE `forums`
  MODIFY `id` bigint(20) UNSIGNED NOT NULL AUTO_INCREMENT, AUTO_INCREMENT=5;

--
-- AUTO_INCREMENT a táblához `forum_types`
--
ALTER TABLE `forum_types`
  MODIFY `id` bigint(20) UNSIGNED NOT NULL AUTO_INCREMENT, AUTO_INCREMENT=3;

--
-- AUTO_INCREMENT a táblához `jobs`
--
ALTER TABLE `jobs`
  MODIFY `id` bigint(20) UNSIGNED NOT NULL AUTO_INCREMENT;

--
-- AUTO_INCREMENT a táblához `migrations`
--
ALTER TABLE `migrations`
  MODIFY `id` int(10) UNSIGNED NOT NULL AUTO_INCREMENT, AUTO_INCREMENT=17;

--
-- AUTO_INCREMENT a táblához `personal_access_tokens`
--
ALTER TABLE `personal_access_tokens`
  MODIFY `id` bigint(20) UNSIGNED NOT NULL AUTO_INCREMENT, AUTO_INCREMENT=8;

--
-- AUTO_INCREMENT a táblához `reviews`
--
ALTER TABLE `reviews`
  MODIFY `id` bigint(20) UNSIGNED NOT NULL AUTO_INCREMENT;

--
-- AUTO_INCREMENT a táblához `schedules`
--
ALTER TABLE `schedules`
  MODIFY `id` bigint(20) UNSIGNED NOT NULL AUTO_INCREMENT, AUTO_INCREMENT=245;

--
-- AUTO_INCREMENT a táblához `schedule_types`
--
ALTER TABLE `schedule_types`
  MODIFY `id` bigint(20) UNSIGNED NOT NULL AUTO_INCREMENT, AUTO_INCREMENT=8;

--
-- AUTO_INCREMENT a táblához `tools`
--
ALTER TABLE `tools`
  MODIFY `id` bigint(20) UNSIGNED NOT NULL AUTO_INCREMENT, AUTO_INCREMENT=491;

--
-- AUTO_INCREMENT a táblához `users`
--
ALTER TABLE `users`
  MODIFY `id` bigint(20) UNSIGNED NOT NULL AUTO_INCREMENT, AUTO_INCREMENT=5;

--
-- Megkötések a kiírt táblákhoz
--

--
-- Megkötések a táblához `cars`
--
ALTER TABLE `cars`
  ADD CONSTRAINT `cars_typeid_foreign` FOREIGN KEY (`typeId`) REFERENCES `cartypes` (`id`);

--
-- Megkötések a táblához `exams`
--
ALTER TABLE `exams`
  ADD CONSTRAINT `exams_examtype_foreign` FOREIGN KEY (`examType`) REFERENCES `exam_types` (`id`);

--
-- Megkötések a táblához `exam_users`
--
ALTER TABLE `exam_users`
  ADD CONSTRAINT `exam_users_examid_foreign` FOREIGN KEY (`examId`) REFERENCES `exams` (`id`),
  ADD CONSTRAINT `exam_users_userid_foreign` FOREIGN KEY (`userId`) REFERENCES `users` (`id`);

--
-- Megkötések a táblához `forums`
--
ALTER TABLE `forums`
  ADD CONSTRAINT `forums_typeid_foreign` FOREIGN KEY (`typeId`) REFERENCES `forum_types` (`id`);

--
-- Megkötések a táblához `reviews`
--
ALTER TABLE `reviews`
  ADD CONSTRAINT `reviews_toolid_foreign` FOREIGN KEY (`toolId`) REFERENCES `tools` (`id`);

--
-- Megkötések a táblához `schedules`
--
ALTER TABLE `schedules`
  ADD CONSTRAINT `schedules_scheduletypeid_foreign` FOREIGN KEY (`scheduleTypeid`) REFERENCES `schedule_types` (`id`),
  ADD CONSTRAINT `schedules_userid_foreign` FOREIGN KEY (`userId`) REFERENCES `users` (`id`);

--
-- Megkötések a táblához `tools`
--
ALTER TABLE `tools`
  ADD CONSTRAINT `tools_carid_foreign` FOREIGN KEY (`carId`) REFERENCES `cars` (`id`),
  ADD CONSTRAINT `tools_placeid_foreign` FOREIGN KEY (`placeId`) REFERENCES `car_places` (`id`);
COMMIT;

/*!40101 SET CHARACTER_SET_CLIENT=@OLD_CHARACTER_SET_CLIENT */;
/*!40101 SET CHARACTER_SET_RESULTS=@OLD_CHARACTER_SET_RESULTS */;
/*!40101 SET COLLATION_CONNECTION=@OLD_COLLATION_CONNECTION */;
